initialUrl,finalUrl,timeout
http://line.me/,https://line.me/en/,False
http://1c.ru/,https://1c.ru/,False
http://33across.com/,https://www.33across.com/,False
http://360.cn/,https://www.360.cn/,False
http://360yield.com/,https://origin.improvedigital.com/login,False
http://3lift.com/,https://triplelift.com/,False
http://510623.com/,http://www.510623.com/,False
http://a-mo.net/,https://a-mo.net/,False
http://aboutads.info/,https://youradchoices.com/,False
http://abovedomains.com/,http://ww16.abovedomains.com/?sub1=20231129-1608-2920-b173-9ce6db33d635,False
http://academia.edu/,https://www.academia.edu/,False
http://ad.gt/,http://ad.gt/,False
http://adcolony.com/,https://www.digitalturbine.com/,False
http://addthis.com/,https://www.addthis.com/,False
http://addtoany.com/,https://www.addtoany.com/,False
http://adgrx.com/,http://adgrx.com/,False
http://adityabirlacapital.com/,https://www.adityabirlacapital.com/,False
http://adjust.com/,https://www.adjust.com/,False
http://ietf.org/,https://www.ietf.org/,False
http://ikea.com/,https://www.ikea.com/,False
http://imcmdb.net/,chrome-error://chromewebdata/,True
http://imdb.com/,https://www.imdb.com/,False
http://imgsmail.ru/,https://mail.ru/,True
http://imgur.com/,http://imgur.com/,False
http://immunet.com/,https://www.immunet.com/index,False
http://indexww.com/,http://www.optmd.com/,False
http://infonline.de/,https://www.infonline.de/,False
http://inmobi.com/,https://www.inmobi.com/,False
http://inner-active.mobi/,http://inner-active.mobi/,False
http://innovid.com/,https://www.innovid.com/,False
http://instagram.com/,https://www.instagram.com/,False
http://instructure.com/,https://www.instructure.com/,False
http://intel.com/,https://www.intel.com/content/www/us/en/homepage.html,False
http://intercom.io/,https://www.intercom.com/,False
http://interia.pl/,https://www.interia.pl/,False
http://discord.gg/,https://discord.com/,False
http://discordapp.com/,https://discord.com/,False
http://disneyplus.com/,https://www.disneyplus.com/,False
http://disqus.com/,https://disqus.com/,False
http://dns-shop.ru/,https://dns-shop.ru/,False
http://dns.cn/,chrome-error://chromewebdata/,True
http://dns.com/,http://dns.com/,False
http://dns.google/,https://dns.google/,False
http://dnsmadeeasy.com/,https://dnsmadeeasy.com/,False
http://dnspod.net/,chrome-error://chromewebdata/,True
http://docker.com/,https://www.docker.com/,False
http://doi.org/,https://www.doi.org/,False
http://dotomi.com/,https://www.epsilon.com/us?redirect=dotomi,False
http://doubleclick.net/,https://marketingplatform.google.com/about/enterprise/,False
http://doubleverify.com/,https://doubleverify.com/,False
http://dreamhost.com/,https://www.dreamhost.com/,False
http://redd.it/,https://www.reddit.com/?rdt=42809,False
http://reddit.com/,https://www.reddit.com/?rdt=55520,False
http://redfin.com/,https://www.redfin.com/,False
http://redhat.com/,https://www.redhat.com/en,False
http://redislabs.com/,https://redis.com/,False
http://reg.ru/,https://www.reg.ru/,True
http://repubblica.it/,https://www.repubblica.it/,False
http://ring.com/,https://ring.com/,False
http://riotgames.com/,https://www.riotgames.com/en,False
http://ripn.net/,http://www.ripn.su/,False
http://rncdn7.com/,chrome-error://chromewebdata/,True
http://roblox.com/,https://www.roblox.com/,False
http://roku.com/,https://www.roku.com/,False
http://rspamd.com/,https://rspamd.com/,False
http://rt.ru/,chrome-error://chromewebdata/,True
http://rubiconproject.com/,https://www.magnite.com/,False
http://ryanair.com/,https://www.ryanair.com/us/en,False
http://sagepub.com/,https://us.sagepub.com/,False
http://adobe.io/,https://developer.adobe.com/,False
http://amazon.ca/,https://www.amazon.ca/,False
http://amzn.to/,https://www.amazon.com/,False
http://asos.com/,https://www.asos.com/,False
http://binance.com/,https://www.binance.com/en,False
http://cdngslb.com/,chrome-error://chromewebdata/,True
http://connatix.com/,https://connatix.com/,False
http://discord.com/,https://discord.com/,False
http://dribbble.com/,https://dribbble.com/,False
http://epicgames.com/,https://store.epicgames.com/en-US/,False
http://firefox.com/,https://www.mozilla.org/en-US/firefox/new/?redirect_source=firefox-com,False
http://globalsign.com/,https://globalsign.com/,False
http://google.it/,https://www.google.it/?gws_rd=ssl,False
http://hinet.net/,https://hinet.net/,False
http://ieee.org/,https://www.ieee.org/,False
http://intuit.com/,https://www.intuit.com/,False
http://gmail.com/,https://accounts.google.com/v3/signin/identifier?continue=https%3A%2F%2Fmail.google.com%2Fmail%2Fu%2F0%2F&emr=1&followup=https%3A%2F%2Fmail.google.com%2Fmail%2Fu%2F0%2F&ifkv=ASKXGp22FOq-uPPEgmq7Go8Uy-NcCOT-ruzo9YxubQalDfJfiocls0a9eWRivRoP3ZTeWIlw2T0r&osid=1&passive=1209600&service=mail&flowName=GlifWebSignIn&flowEntry=ServiceLogin&dsh=S-536508832%3A1701217580188111&theme=glif,False
http://gnu.org/,https://www.gnu.org/,False
http://go.com/,https://www.go.com/,False
http://godaddy.com/,https://www.godaddy.com/,False
http://goo.gl/,https://developers.googleblog.com/2018/03/transitioning-google-url-shortener.html,False
http://google-analytics.com/,https://marketingplatform.google.com/about/analytics/,False
http://google.ca/,https://www.google.ca/?gws_rd=ssl,False
http://google.cn/,http://www.google.cn/,False
http://google.co.in/,https://www.google.co.in/?gws_rd=ssl,False
http://google.co.jp/,https://www.google.co.jp/?gws_rd=ssl,False
http://google.co.th/,https://www.google.co.th/?gws_rd=ssl,False
http://google.co.uk/,https://www.google.co.uk/?gws_rd=ssl,False
http://google.com.br/,https://www.google.com.br/?gws_rd=ssl,False
http://google.com.hk/,https://www.google.com.hk/?gws_rd=ssl,False
http://google.com.mx/,https://www.google.com.mx/?gws_rd=ssl,False
http://google.com.tr/,https://www.google.com.tr/?gws_rd=ssl,False
http://google.com.tw/,https://www.google.com.tw/?gws_rd=ssl,False
http://google.com/,https://www.google.com/?gws_rd=ssl,False
http://google.de/,https://www.google.de/?gws_rd=ssl,False
http://google.es/,https://www.google.es/?gws_rd=ssl,False
http://google.fr/,https://www.google.fr/?gws_rd=ssl,False
http://atlassian.com/,https://www.atlassian.com/,False
http://atlassian.net/,https://www.atlassian.com/software,False
http://att.com/,https://www.att.com/,True
http://attn.tv/,https://www.attentive.com/?utm_source=attn.tv,False
http://autodesk.com/,https://www.autodesk.com/,True
http://avast.com/,https://www.avast.com/en-us/index#mac,False
http://avito.ru/,https://www.avito.ru/,True
http://b-cdn.net/,https://bunny.net/,False
http://badoo.com/,https://badoo.com/,False
http://baidu.com/,http://www.baidu.com/,False
http://bandcamp.com/,https://bandcamp.com/,False
http://bankofamerica.com/,https://www.bankofamerica.com/,False
http://barracudanetworks.com/,https://www.barracuda.com/,False
http://bbtec.net/,chrome-error://chromewebdata/,True
http://beeline.ru/,chrome-error://chromewebdata/,True
http://behance.net/,https://www.behance.net/,False
http://berkeley.edu/,https://www.berkeley.edu/,False
http://bidswitch.net/,chrome-error://chromewebdata/,True
http://bild.de/,https://www.bild.de/,False
http://bilibili.com/,https://www.bilibili.com/,False
http://moatads.com/,chrome-error://chromewebdata/,True
http://mob.com/,https://www.mob.com/,False
http://mozilla.com/,https://www.mozilla.org/en-US/firefox/,False
http://mozilla.org/,https://www.mozilla.org/,False
http://msedge.net/,chrome-error://chromewebdata/,True
http://msn.com/,https://www.msn.com/,False
http://myfritz.net/,https://sso.myfritz.net/,False
http://myqcloud.com/,chrome-error://chromewebdata/,True
http://myshopify.com/,http://myshopify.com/,False
http://mysql.com/,https://www.mysql.com/,False
http://mzstatic.com/,https://www.apple.com/,False
http://name.com/,https://www.name.com/,False
http://nasa.gov/,https://www.nasa.gov/,False
http://nature.com/,https://www.nature.com/,False
http://naver.com/,https://www.naver.com/,False
http://nease.net/,http://nease.net/,False
http://nest.com/,https://store.google.com/us/category/connected_home?hl=en-US&GoogleNest&utm_source=nest_redirect&utm_medium=google_oo&utm_campaign=homepage,False
http://netangels.ru/,https://www.netangels.ru/,False
http://netease.com/,http://netease.com/,False
http://netflix.com/,https://www.netflix.com/,False
http://netgear.com/,https://www.netgear.com/,False
http://networkadvertising.org/,https://thenai.org/,False
http://newrelic.com/,https://newrelic.com/,False
http://timeweb.ru/,https://timeweb.com/ru/,False
http://tinkoff.ru/,https://www.tinkoff.ru/,True
http://tp-link.com/,https://www.tp-link.com/us/,False
http://tradingview.com/,https://www.tradingview.com/,False
http://tremorhub.com/,http://tremorhub.com/,False
http://trendmicro.com/,https://www.trendmicro.com/en_us/business.html,True
http://tribalfusion.com/,https://www.vdx.tv/,False
http://truste.com/,https://trustarc.com/,False
http://trustpilot.com/,https://www.trustpilot.com/,False
http://twitch.tv/,https://www.twitch.tv/,False
http://twitter.com/,https://twitter.com/,False
http://tynt.com/,http://tynt.com/,False
http://typeform.com/,https://www.typeform.com/,False
http://uber.com/,https://www.uber.com/,False
http://ubnt.com/,https://www.ui.com/,False
http://ubuntu.com/,https://ubuntu.com/,False
http://udemy.com/,http://udemy.com/,False
http://amazon.co.jp/,https://www.amazon.co.jp/,False
http://amazon.co.uk/,https://www.amazon.co.uk/,False
http://amazon.com.br/,https://www.amazon.com.br/,False
http://amazon.com/,https://www.amazon.com/,False
http://amazon.de/,https://www.amazon.de/,False
http://amazon.es/,https://www.amazon.es/,False
http://amazon.fr/,https://www.amazon.fr/,False
http://amazon.in/,https://www.amazon.in/,False
http://amazon.it/,https://www.amazon.it/,False
http://amazonaws.com/,https://aws.amazon.com/,False
http://amazontrust.com/,https://www.amazontrust.com/index.html,False
http://amazonvideo.com/,https://www.primevideo.com/offers/nonprimehomepage/ref=dv_web_force_root,False
http://ameba.jp/,https://auth.user.ameba.jp/connect/authorize?client_id=db98bf8b687fc3334c4b8cde9116687fd75eb285ed5a2373df8010ae070f5338&scope=openid%20profile%20application%20coin&response_type=code&redirect_uri=https%3A%2F%2Fwww.ameba.jp%2Fauth%2Fcallback&state=8-KjI2GMF6FW7t0Jacm2QYj_wXyJeqVXbZkmmDvxYg4&nonce=sQtl6Y0U60H4PySBCoggnYAwnrk9Vb0Z0E0GkcimfIQ&code_challenge=jrXCsqpBvYCgH_w70oCx7F6u8lHCuxDMm5zHLBfIfXg&code_challenge_method=S256&prompt=none,False
http://ameblo.jp/,https://ameblo.jp/,False
http://amplitude.com/,https://amplitude.com/,False
http://ampproject.org/,https://amp.dev/,False
http://wikipedia.org/,https://www.wikipedia.org/,False
http://wildberries.ru/,https://www.wildberries.ru/,False
http://wiley.com/,https://www.wiley.com/,False
http://windows.net/,https://dotnet.microsoft.com/en-us/,False
http://wix.com/,https://www.wix.com/,False
http://wordpress.com/,https://wordpress.com/,False
http://wordpress.org/,https://wordpress.org/,False
http://worldbank.org/,https://www.worldbank.org/en/home,False
http://worldnic.com/,chrome-error://chromewebdata/,True
http://wp.com/,https://wordpress.com/,False
http://wp.pl/,https://www.wp.pl/,False
http://www.gov.uk/,https://www.gov.uk/,False
http://xboxlive.com/,https://www.xbox.com/en-US/live,False
http://xfinity.com/,https://www.xfinity.com/,False
http://xhamster.com/,https://xhamster.com/,False
http://xiaomi.com/,https://www.mi.com/us/,False
http://xiaomi.net/,https://www.mi.com/us/,False
http://xnxx.com/,https://www.xnxx.com/,False
http://shein.com/,https://us.shein.com/?ref=www&rep=dir&ret=us,False
http://shifen.com/,chrome-error://chromewebdata/,True
http://shipt.com/,https://www.shipt.com/,False
http://shopee.co.id/,https://shopee.co.id/verify/traffic/error?home_url=%2F&is_logged_in=false&report_extra_info=&tracking_id=16d30374-a389-4385-9aa7-92625a30162e,False
http://shopee.com.br/,https://shopee.com.br/verify/traffic/error?home_url=%2F&is_logged_in=false&report_extra_info=&tracking_id=20de6c70-dac0-400c-8bd2-b4c161cfecc6,False
http://shopify.com/,https://www.shopify.com/,False
http://simpli.fi/,https://simpli.fi/,False
http://sitescout.com/,http://sitescout.com/,False
http://skroutz.gr/,https://www.skroutz.gr/,False
http://skype.com/,https://www.skype.com/en/,False
http://slack.com/,https://slack.com/,False
http://slideshare.net/,https://www.slideshare.net/,False
http://smartadserver.com/,https://equativ.com/,False
http://snapchat.com/,https://www.snapchat.com/,False
http://soundcloud.com/,https://soundcloud.com/,False
http://spamcop.net/,https://www.spamcop.net/,False
http://spankbang.com/,https://spankbang.com/,False
http://spectrum.com/,https://www.spectrum.com/,False
http://splashtop.com/,https://www.splashtop.com/,False
http://split.io/,https://www.split.io/,False
http://spot.im/,https://www.openweb.com/,False
http://spotify.com/,https://open.spotify.com/?,False
http://springer.com/,https://www.springer.com/us,False
http://squarespace.com/,https://www.squarespace.com/,False
http://stackadapt.com/,https://www.stackadapt.com/,False
http://stackoverflow.com/,https://stackoverflow.com/,False
http://stanford.edu/,https://www.stanford.edu/,False
http://statcounter.com/,https://statcounter.com/,False
http://state.gov/,https://www.state.gov/,False
http://eporner.com/,https://www.eporner.com/,False
http://erome.com/,https://www.erome.com/,False
http://ertelecom.ru/,https://ertelecom.ru/,False
http://eset.com/,https://www.eset.com/us/,False
http://etsy.com/,https://www.etsy.com/,False
http://europa.eu/,https://european-union.europa.eu/select-language?destination=/node/1,False
http://eventbrite.com/,https://www.eventbrite.com/,False
http://everesttech.net/,chrome-error://chromewebdata/,True
http://example.com/,http://example.com/,False
http://exelator.com/,chrome-error://chromewebdata/,True
http://expedia.com/,https://www.expedia.com/,True
http://eyeota.net/,https://www.eyeota.com/,False
http://ezvizlife.com/,https://www.ezviz.com/us,False
http://facebook-hardware.com/,https://facebook-hardware.com/,False
http://facebook.com/,https://www.facebook.com/,False
http://fast.com/,https://fast.com/,True
http://fastly.net/,https://www.fastly.com/,False
http://fb.com/,https://www.facebook.com/,False
http://fb.me/,https://www.facebook.com/,False
http://fbcdn.net/,https://www.facebook.com/,False
http://fbsbx.com/,https://fbsbx.com/,False
http://fda.gov/,https://www.fda.gov/apology_objects/abuse-detection-apology.html,False
http://fedex.com/,http://www.fedex.com/,False
http://onet.pl/,https://www.onet.pl/,False
http://onetag-sys.com/,https://onetag-sys.com/,False
http://onetrust.com/,https://www.onetrust.com/,False
http://onlyfans.com/,https://onlyfans.com/,False
http://openai.com/,https://openai.com/,False
http://opendns.com/,https://www.opendns.com/,False
http://openx.net/,http://openx.net/,False
http://opera.com/,https://www.opera.com/,False
http://optimizely.com/,https://www.optimizely.com/,False
http://oracle.com/,https://www.oracle.com/,False
http://oup.com/,http://oup.com/,False
http://outbrain.com/,https://www.outbrain.com/,False
http://outlook.com/,https://www.microsoft.com/en/microsoft-365/outlook/email-and-calendar-software-microsoft-outlook?deeplink=%2fowa%2f&sdf=0,False
http://ovh.net/,https://proof.ovh.net/,False
http://paloaltonetworks.com/,https://www.paloaltonetworks.com/,False
http://parsely.com/,https://www.parse.ly/,False
http://patreon.com/,https://www.patreon.com/,False
http://paypal.com/,https://www.paypal.com/us/home,False
http://pbs.org/,https://www.pbs.org/,False
http://pccc.com/,https://pccc.com/,False
http://pendo.io/,https://www.pendo.io/,False
http://php.net/,https://www.php.net/,False
http://pikabu.ru/,https://pikabu.ru/,True
http://cdnvideo.ru/,https://www.cdnvideo.ru/,False
http://change.org/,https://www.change.org/,False
http://chartbeat.com/,https://chartbeat.com/,False
http://chartbeat.net/,https://chartbeat.com/,False
http://chartboost.com/,https://www.chartboost.com/,False
http://checkpoint.com/,https://checkpoint.com/,False
http://chess.com/,https://www.chess.com/,False
http://chinamobile.com/,chrome-error://chromewebdata/,True
http://cisco.com/,https://www.cisco.com/,False
http://clarity.ms/,http://clarity.ms/,False
http://classdojo.com/,https://www.classdojo.com/,False
http://clever.com/,https://www.clever.com/,False
http://cloudflare-dns.com/,https://one.one.one.one/dns/,False
http://cloudflare.com/,https://www.cloudflare.com/,False
http://cloudflare.net/,https://cloudflare.net/home/default.aspx,False
http://cloudflareinsights.com/,https://cloudflareinsights.com/,False
http://cloudns.net/,https://www.cloudns.net/,False
http://coinmarketcap.com/,https://coinmarketcap.com/,False
http://colossusssp.com/,http://colossusssp.com/,False
http://columbia.edu/,https://www.columbia.edu/,False
http://com.com/,http://www1.com.com/?tm=1&subid4=1701230828.0413140000&KW1=North%20America%20Colocated%20Servers&KW2=Custom%20Colocated%20Servers&searchbox=0&domainname=0&backfill=0,False
http://comcast.com/,https://www.xfinity.com/,False
http://comcast.net/,https://www.xfinity.com/,False
http://comfortel.pro/,https://comfortel.pro/,False
http://linkedin.com/,https://www.linkedin.com/,False
http://linktr.ee/,https://linktr.ee/,True
http://linode.com/,https://www.linode.com/,False
http://list-manage.com/,https://mailchimp.com/about/mcsv-static,False
http://livedoor.jp/,http://livedoor.jp/,False
http://livejournal.com/,https://www.livejournal.com/,True
http://loc.gov/,https://loc.gov/,False
http://lowes.com/,https://www.lowes.com/,False
http://macromedia.com/,chrome-error://chromewebdata/,True
http://macys.com/,https://www.macys.com/,False
http://mail.ru/,https://mail.ru/,True
http://mailchi.mp/,https://mailchimp.com/,False
http://mailchimp.com/,https://mailchimp.com/,False
http://mangosip.ru/,chrome-error://chromewebdata/,True
http://manitu.net/,https://www.manitu.de/,False
http://markmonitor.com/,https://www.markmonitor.com/,False
http://marriott.com/,http://marriott.com/,False
http://mayoclinic.org/,https://www.mayoclinic.org/,False
http://google.pl/,https://www.google.pl/?gws_rd=ssl,False
http://google.ru/,https://www.google.ru/?gws_rd=ssl,False
http://googleadservices.com/,http://googleadservices.com/,False
http://googleapis.com/,http://googleapis.com/,False
http://googleblog.com/,https://blog.google/,False
http://googledomains.com/,https://domains.google/,False
http://googlesyndication.com/,https://www.google.com/?gws_rd=ssl,False
http://googletagmanager.com/,http://googletagmanager.com/,False
http://googlevideo.com/,https://www.google.com/videohp?gws_rd=ssl,False
http://grammarly.com/,https://www.grammarly.com/,False
http://gravatar.com/,https://gravatar.com/,False
http://gstatic.com/,http://www.gstatic.com/,False
http://gumgum.com/,https://gumgum.com/,True
http://harvard.edu/,https://www.harvard.edu/,False
http://healthline.com/,https://www.healthline.com/,False
http://herokuapp.com/,http://herokuapp.com/,False
http://hilton.com/,https://www.hilton.com/en/,False
http://statuspage.io/,https://www.atlassian.com/software/statuspage,False
http://stbid.ru/,http://stbid.ru/,False
http://steamcommunity.com/,https://steamcommunity.com/,False
http://steampowered.com/,https://store.steampowered.com/,False
http://stickyadstv.com/,chrome-error://chromewebdata/,True
http://stripe.com/,https://stripe.com/,False
http://superhosting.bg/,https://www.superhosting.bg/,False
http://supersonicads.com/,http://supersonicads.com/,False
http://surveymonkey.com/,https://www.surveymonkey.com/,False
http://swrve.com/,https://www.swrve.com/,False
http://synology.com/,https://www.synology.com/en-global,False
http://t-mobile.com/,https://www.t-mobile.com/,False
http://t-online.de/,https://www.t-online.de/,False
http://t.co/,https://t.co/,False
http://t.me/,https://telegram.org/,False
http://taboola.com/,https://www.taboola.com/,True
http://tandfonline.com/,https://www.tandfonline.com/,False
http://taobao.com/,https://world.taobao.com/,True
http://tapad.com/,https://www.tapad.com/,False
http://teads.tv/,https://www.teads.com/,False
http://teamviewer.com/,https://www.teamviewer.com/en-us/,False
http://techcrunch.com/,https://techcrunch.com/,True
http://telegram.me/,https://telegram.org/,False
http://telegram.org/,https://telegram.org/,False
http://temu.com/,https://www.temu.com/,False
http://tencent-cloud.net/,chrome-error://chromewebdata/,True
http://theconversation.com/,https://theconversation.com/us,False
http://themeforest.net/,https://themeforest.net/,False
http://tiktok.com/,https://www.tiktok.com/explore,True
http://vkontakte.ru/,https://vk.com/,False
http://vmware.com/,https://www.vmware.com/,False
http://vtbf.ru/,chrome-error://chromewebdata/,True
http://vungle.com/,https://liftoff.io/,False
http://w3.org/,https://www.w3.org/,False
http://w3schools.com/,https://www.w3schools.com/,False
http://wa.me/,https://api.whatsapp.com/,False
http://wal-mart.com/,chrome-error://chromewebdata/,True
http://walmart.com/,https://www.walmart.com/,False
http://warnerbros.com/,https://www.warnerbros.com/,False
http://washington.edu/,http://www.washington.edu/,False
http://watchguard.com/,https://www.watchguard.com/,False
http://wattpad.com/,https://www.wattpad.com/,False
http://wayfair.com/,https://www.wayfair.com/,True
http://wbx2.com/,https://www.webex.com/suite/messaging.html,False
http://webex.com/,https://www.webex.com/,False
http://websitewelcome.com/,http://websitewelcome.com/,False
http://weebly.com/,https://www.weebly.com/,False
http://weforum.org/,https://www.weforum.org/,False
http://weibo.com/,https://weibo.com/newlogin?tabtype=weibo&gid=102803&openLoginLayer=0&url=https%3A%2F%2Fweibo.com%2F,False
http://whatsapp.com/,https://www.whatsapp.com/,False
http://whatsapp.net/,https://www.whatsapp.com/,False
http://whitehouse.gov/,https://www.whitehouse.gov/,False
http://who.int/,https://www.who.int/,False
http://wikihow.com/,https://www.wikihow.com/Main-Page,False
http://firetvcaptiveportal.com/,http://firetvcaptiveportal.com/,False
http://fiverr.com/,https://block.fiverr.com/?url=aHR0cHM6Ly93d3cuZml2ZXJyLmNvbS8%3D&uuid=1640de4c-8e72-11ee-9d1f-748191f08167,False
http://flashtalking.com/,https://www.flashtalking.com/,False
http://flickr.com/,https://flickr.com/,False
http://flurry.com/,https://www.flurry.com/,False
http://fontawesome.com/,https://fontawesome.com/,False
http://force.com/,https://www.salesforce.com/products/platform/overview/?sfdc-redirect=300&bc=HA,False
http://forms.gle/,https://forms.gle/?_imcp=1,False
http://forter.com/,https://www.forter.com/,False
http://francetvinfo.fr/,https://www.francetvinfo.fr/,False
http://free.fr/,https://www.free.fr/freebox/,False
http://freepik.com/,https://www.freepik.com/,False
http://frontapp.com/,https://front.com/,False
http://g.page/,https://www.google.com/business/?ppsrc=GPDA2,False
http://gamepass.com/,https://www.xbox.com/en-US/xbox-game-pass,False
http://gandi.net/,https://www.gandi.net/en,False
http://getpocket.com/,https://getpocket.com/en/,False
http://gihc.net/,chrome-error://chromewebdata/,True
http://giphy.com/,https://giphy.com/,False
http://github.com/,https://github.com/,False
http://github.io/,https://pages.github.com/?(null),False
http://gitlab.com/,https://about.gitlab.com/,False
http://glance.net/,http://glance.net/,False
http://pinterest.com/,https://www.pinterest.com/,False
http://pixabay.com/,https://pixabay.com/,False
http://pixiv.net/,https://www.pixiv.net/,False
http://pki.goog/,https://pki.goog/,False
http://playstation.com/,https://www.playstation.com/en-us/,False
http://plex.tv/,https://www.plex.tv/,False
http://pornhub.com/,https://www.pornhub.com/,False
http://primevideo.com/,https://www.primevideo.com/offers/nonprimehomepage/ref=dv_web_force_root,False
http://princeton.edu/,https://www.princeton.edu/,False
http://prnewswire.com/,https://www.prnewswire.com/,False
http://psu.edu/,https://www.psu.edu/,True
http://psychologytoday.com/,http://psychologytoday.com/,False
http://pubmatic.com/,https://pubmatic.com/,False
http://pusher.com/,https://pusher.com/,False
http://qq.com/,https://www.qq.com/,True
http://qualtrics.com/,https://www.qualtrics.com/,False
http://quantummetric.com/,https://www.quantummetric.com/,False
http://quickconnect.to/,http://quickconnect.to/,False
http://quora.com/,https://www.quora.com/,False
http://qwest.net/,chrome-error://chromewebdata/,True
http://rackspace.com/,https://www.rackspace.com/,False
http://rakuten.co.jp/,https://www.rakuten.co.jp/,False
http://rambler.ru/,https://www.rambler.ru/,True
http://rapid7.com/,https://www.rapid7.com/,False
http://rayjump.com/,https://www.mobvista.com/cn/,False
http://rbc.ru/,https://www.rbc.ru/,True
http://constantcontact.com/,https://www.constantcontact.com/,False
http://consultant.ru/,https://www.consultant.ru/,False
http://contextweb.com/,https://www.pulsepoint.com/,False
http://conviva.com/,https://www.conviva.com/,False
http://cornell.edu/,https://www.cornell.edu/,False
http://corriere.it/,https://www.corriere.it/,False
http://cox.net/,https://www.cox.com/residential/home.html,False
http://cpanel.net/,https://cpanel.net/,False
http://crashlytics.com/,https://firebase.google.com/products/crashlytics/,False
http://creativecommons.org/,https://creativecommons.org/,False
http://creditkarma.com/,https://www.creditkarma.com/,False
http://criteo.com/,https://www.criteo.com/,False
http://criteo.net/,https://www.criteo.com/,False
http://dailymotion.com/,https://www.dailymotion.com/us,False
http://dan.com/,https://dan.com/,False
http://dashlane.com/,https://www.dashlane.com/,False
http://daum.net/,https://www.daum.net/,False
http://ddnss.de/,https://ddnss.de/,False
http://debian.org/,https://www.debian.org/,False
http://dell.com/,https://www.dell.com/,False
http://deviantart.com/,https://deviantart.com/,False
http://digicert.com/,https://www.digicert.com/,False
http://digitalocean.com/,https://www.digitalocean.com/,False
http://mckinsey.com/,https://www.mckinsey.com/,False
http://me.com/,https://www.icloud.com/,False
http://media.net/,https://www.media.net/,False
http://mediafire.com/,https://www.mediafire.com/,False
http://mediatek.com/,https://www.mediatek.com/,False
http://mediavine.com/,https://www.mediavine.com/,False
http://medium.com/,https://medium.com/,False
http://mega.co.nz/,https://mega.io/,False
http://mega.nz/,https://mega.io/,False
http://meraki.com/,https://meraki.cisco.com/,False
http://mgid.com/,https://www.mgid.com/,False
http://mi.com/,https://www.mi.com/us/,False
http://microsoft.com/,https://www.microsoft.com/,False
http://mikrotik.com/,https://mikrotik.com/,False
http://milanuncios.com/,https://www.milanuncios.com/,False
http://mirtesen.ru/,https://mirtesen.ru/,False
http://mit.edu/,https://web.mit.edu/,False
http://miui.com/,https://home.miui.com/,False
http://miwifi.com/,http://miwifi.com/,False
http://ioam.de/,https://www.infonline.de/,False
http://ipify.org/,https://www.ipify.org/,False
http://iso.org/,https://www.iso.org/home.html,False
http://issuu.com/,https://issuu.com/,False
http://istockphoto.com/,https://www.istockphoto.com/bot-wall?returnUrl=%2F,False
http://ivi.ru/,https://www.ivi.tv/,False
http://jimdo.com/,https://www.jimdo.com/,False
http://jotform.com/,https://www.jotform.com/,False
http://jquery.com/,https://jquery.com/,False
http://kargo.com/,https://www.kargo.com/,False
http://kaspersky.com/,https://usa.kaspersky.com/,False
http://kickstarter.com/,https://www.kickstarter.com/,False
http://klaviyo.com/,https://www.klaviyo.com/,False
http://kwai.net/,chrome-error://chromewebdata/,True
http://launchdarkly.com/,https://launchdarkly.com/,True
http://launchpad.net/,https://launchpad.net/,False
http://leboncoin.fr/,https://www.leboncoin.fr/,False
http://lemonde.fr/,https://www.lemonde.fr/,False
http://lencr.org/,https://letsencrypt.org/docs/lencr.org/,False
http://lenovo.com/,https://www.lenovo.com/us/en/,False
http://life360.com/,https://www.life360.com/,False
http://lijit.com/,https://lijit.com/,False
http://bing.com/,https://www.bing.com/?toWww=1&redig=1BD76C82FFF34D75826B03168BD904F2,False
http://bit.ly/,https://bitly.com/pages/home,False
http://bitly.com/,https://bitly.com/pages/home/cp,False
http://bitrix24.ru/,https://www.bitrix24.ru/,False
http://blogger.com/,https://www.blogger.com/about/?bpli=1,False
http://blogspot.com/,https://www.blogger.com/about/?bpli=1,False
http://bloomberg.com/,https://www.bloomberg.com/tosv2.html?vid=&uuid=81b94eb4-8e57-11ee-9a1c-aff010b85586&url=Lw==,False
http://bluekai.com/,https://www.oracle.com/cx/advertising/,False
http://bootstrapcdn.com/,https://www.bootstrapcdn.com/,False
http://box.com/,https://www.box.com/,False
http://branch.io/,https://www.branch.io/,False
http://brave.com/,https://brave.com/,False
http://braze.com/,https://www.braze.com/,False
http://browser-intake-datadoghq.com/,http://browser-intake-datadoghq.com/,False
http://btloader.com/,https://btloader.com/,False
http://bugsnag.com/,https://www.bugsnag.com/,False
http://business.site/,https://www.google.com/business/,False
http://ca.gov/,https://www.ca.gov/,False
http://calendly.com/,https://calendly.com/,False
http://cambridge.org/,https://www.cambridge.org/,False
http://canonical.com/,https://canonical.com/,False
http://canva.com/,https://www.canva.com/,False
http://cdc.gov/,https://www.cdc.gov/,False
http://nexon.com/,https://www.nexon.com/main/en,False
http://nflximg.com/,chrome-error://chromewebdata/,True
http://nflxvideo.net/,https://www.netflix.com/,False
http://ngenix.net/,https://ngenix.net/,False
http://nginx.com/,https://www.nginx.com/,False
http://nginx.org/,http://nginx.org/,False
http://nic.ru/,https://www.nic.ru/,True
http://nicovideo.jp/,https://www.nicovideo.jp/,False
http://nike.com/,https://www.nike.com/,False
http://nist.gov/,https://www.nist.gov/,False
http://noaa.gov/,https://www.noaa.gov/,False
http://norton.com/,https://us.norton.com/,False
http://ntp.org/,http://ntp.org/,False
http://nvidia.com/,https://www.nvidia.com/en-us/,False
http://office.com/,https://www.office.com/,False
http://office365.com/,https://www.microsoft.com/microsoft-365?ms.url=office365com,False
http://ok.ru/,https://ok.ru/,False
http://okta.com/,https://www.okta.com/,False
http://one.one/,https://www.one.com/,False
http://samsungapps.com/,https://seller.samsungapps.com/login/signIn.as?returnURL=%2Fmain%2FsellerMain.as,False
http://savvis.net/,chrome-error://chromewebdata/,True
http://sberdevices.ru/,https://sberdevices.ru/,True
http://scorecardresearch.com/,https://www.scorecardresearch.com/home.aspx,False
http://scribd.com/,https://www.scribd.com/,False
http://sectigo.com/,https://www.sectigo.com/,False
http://sedo.com/,https://sedo.com/us/,False
http://segment.io/,https://segment.com/,False
http://sensic.net/,http://sensic.net/,False
http://sentry.io/,https://sentry.io/welcome/,False
http://service.gov.uk/,https://www.gov.uk/,False
http://seznam.cz/,https://www.seznam.cz/,False
http://shalltry.com/,http://shalltry.com/,False
http://sharepoint.com/,https://www.microsoft.com/en-us/microsoft-365/sharepoint/collaboration?ms.officeurl=sharepoint&rtc=1,False
http://sharethis.com/,https://sharethis.com/,False
http://yahoo.com/,https://www.yahoo.com/,False
http://yahoo.net/,https://www.yahoo.com/,False
http://yale.edu/,https://www.yale.edu/,False
http://yandex.com/,https://yandex.com/,False
http://yandex.net/,https://ya.ru/,False
http://yandex.ru/,https://dzen.ru/?yredirect=true,True
http://yelp.com/,https://www.yelp.com/,False
http://yieldmo.com/,https://yieldmo.com/,False
http://yimg.com/,http://yimg.com/,False
http://youku.com/,https://youku.com/,True
http://youtu.be/,https://www.youtube.com/,False
http://youtube.com/,https://www.youtube.com/,False
http://yximgs.com/,http://yximgs.com/,True
http://zemanta.com/,https://www.zemanta.com/,False
http://zillow.com/,https://www.zillow.com/,False
http://zoho.com/,https://www.zoho.com/,False
http://zoom.us/,https://zoom.us/,False
http://adriver.ru/,https://www.adriver.ru/,False
http://adroll.com/,https://www.adroll.com/,False
http://adrta.com/,http://adrta.com/robots.txt,False
http://adsafeprotected.com/,chrome-error://chromewebdata/,True
http://adsco.re/,http://adsco.re/,False
http://adsrvr.org/,https://adsrvr.org/?AspxAutoDetectCookieSupport=1,False
http://adtelligent.com/,https://adtelligent.com/,False
http://agoda.com/,https://www.agoda.com/?ds=FJYNti7150r1WrXn,False
http://airbnb.com/,https://www.airbnb.com/,False
http://akismet.com/,https://akismet.com/,False
http://algolia.net/,http://algolia.net/,False
http://alibaba.com/,https://www.alibaba.com/,False
http://alidns.com/,https://alidns.com/,False
http://aliexpress.com/,https://www.aliexpress.us/?gatewayAdapt=glo2usa,False
http://aliyun.com/,https://us.alibabacloud.com/en,False
http://aliyuncs.com/,http://aliyuncs.com/,False
http://allaboutcookies.org/,https://allaboutcookies.org/,False
http://allegro.pl/,https://allegro.pl/,False
http://ancestry.com/,https://www.ancestry.com/,False
http://android.com/,https://www.android.com/,False
http://aniview.com/,https://aniview.com/,False
http://aol.com/,https://www.aol.com/,False
http://apache.org/,https://apache.org/,False
http://apnews.com/,https://apnews.com/,False
http://app-measurement.com/,http://app-measurement.com/,False
http://appcenter.ms/,https://appcenter.ms/,False
http://appier.net/,https://www.appier.com/en/,False
http://apple.com/,https://www.apple.com/,False
http://apple.news/,https://www.apple.com/apple-news/,False
http://applovin.com/,https://www.applovin.com/,False
http://appsflyer.com/,https://www.appsflyer.com/,False
http://appspot.com/,https://accounts.google.com/v3/signin/identifier?continue=https%3A%2F%2Fconsole.cloud.google.com%2Fappengine&followup=https%3A%2F%2Fconsole.cloud.google.com%2Fappengine&ifkv=ASKXGp1lRSdUcPQN51Cz_PcGSxUKOgGkUxNUi_MzNdQ51ZCO793SCLytB6H4g7Ntzo9n3Jqk6jQpXw&osid=1&passive=1209600&service=cloudconsole&flowName=GlifWebSignIn&flowEntry=ServiceLogin&dsh=S705102416%3A1701230577389623&theme=glif,False
http://arcgis.com/,https://www.arcgis.com/index.html,False
http://archive.org/,http://archive.org/,False
http://arubanetworks.com/,https://www.arubanetworks.com/,False
http://umich.edu/,https://umich.edu/,False
http://un.org/,https://www.un.org/,False
http://unesco.org/,https://www.unesco.org/en,False
http://unity3d.com/,https://unity.com/,True
http://unpkg.com/,https://unpkg.com/,False
http://unrulymedia.com/,http://video.unrulymedia.com/,False
http://unsplash.com/,https://unsplash.com/,False
http://ups.com/,https://www.ups.com/,False
http://upwork.com/,https://www.upwork.com/,False
http://usda.gov/,https://www.usda.gov/,False
http://userapi.com/,https://vk.com/,False
http://verisign.com/,https://www.verisign.com/,False
http://viber.com/,https://www.viber.com/en/,False
http://vidazoo.com/,https://vidazoo.com/,False
http://vimeo.com/,https://vimeo.com/,False
http://virtualearth.net/,https://www.bing.com/maps?FORM=LGCYVD&cp=40.797177%7E-74.018326&lvl=11.0,False
http://visualstudio.com/,https://visualstudio.microsoft.com/,False
http://vivoglobal.com/,chrome-error://chromewebdata/,True
http://hipages.com.au/,https://hipages.com.au/,False
http://hm.com/,https://www2.hm.com/en_us/index.html,False
http://hostgator.com.br/,http://hostgator.com.br/,False
http://hotjar.com/,https://www.hotjar.com/,False
http://hp.com/,https://www.hp.com/us-en/home.html,False
http://huawei.com/,https://www.huawei.com/en/?ic_medium=direct&ic_source=surlent,False
http://hubspot.com/,https://www.hubspot.com/,False
http://hugedomains.com/,https://www.hugedomains.com/,False
http://hulu.com/,https://www.hulu.com/welcome,False
http://hwcdn.net/,http://hwcdn.net/,False
http://ibm.com/,https://www.ibm.com/us-en,False
http://icloud-content.com/,https://developer.apple.com/icloud/,False
http://icloud.com/,https://www.icloud.com/,False
http://id5-sync.com/,https://id5-sync.com/,False
http://mcafee.com/,https://www.mcafee.com/,False
http://mixpanel.com/,https://mixpanel.com/,False
http://news.com.au/,http://www.news.com.au/,False
http://onesignal.com/,https://onesignal.com/,False
http://pinimg.com/,https://www.pinterest.com/,False
http://realtor.com/,https://www.realtor.com/,False
http://samsung.com/,https://www.samsung.com/us/,False
http://sharethrough.com/,https://www.sharethrough.com/,False
http://statista.com/,https://www.statista.com/,False
http://tiktokv.com/,https://tiktokv.com/,False
http://ui.com/,https://ui.com/,False
http://vk.com/,https://vk.com/,False
http://wikimedia.org/,https://www.wikimedia.org/,False
http://xvideos.com/,https://www.xvideos.com/,False
http://drom.ru/,https://www.drom.ru/,False
http://dropbox.com/,https://www.dropbox.com/,False
http://duckdns.org/,http://www.duckdns.org/,False
http://duckduckgo.com/,https://duckduckgo.com/,False
http://duolingo.com/,https://www.duolingo.com/,False
http://dyndns.org/,https://account.dyn.com/,False
http://dzen.ru/,https://dzen.ru/,True
http://ea.com/,https://www.ea.com/,False
http://ecosia.org/,https://www.ecosia.org/,False
http://eepurl.com/,http://eepurl.com/,False
http://elasticbeanstalk.com/,https://aws.amazon.com/,False
http://elmundo.es/,https://www.elmundo.es/,False
http://entergy.com/,https://www.entergy.com/,False
http://entrust.net/,https://www.entrust.com/digital-security/certificate-solutions/products/digital-certificates/tls-ssl-certificates,False
http://epa.gov/,https://www.epa.gov/,False
